{
  "id": "1cc127b6-e02f-428e-b40a-c3b0be05328a",
  "name": "topping",
  "isOverridable": false,
  "entries": [
    {
      "value": "asparagus",
      "synonyms": [
        "asparagus"
      ]
    },
    {
      "value": "anchovy",
      "synonyms": [
        "anchovy"
      ]
    },
    {
      "value": "artichoke",
      "synonyms": [
        " artichoke",
        " artichoke heart"
      ]
    },
    {
      "value": "bacon",
      "synonyms": [
        " bacon",
        " smoked bacon"
      ]
    },
    {
      "value": "bean sprout",
      "synonyms": [
        "bean sprout"
      ]
    },
    {
      "value": "beef",
      "synonyms": [
        " beef",
        " ground beef"
      ]
    },
    {
      "value": "bell pepper",
      "synonyms": [
        "bell pepper"
      ]
    },
    {
      "value": "broccoli",
      "synonyms": [
        "broccoli"
      ]
    },
    {
      "value": "capers",
      "synonyms": [
        "capers"
      ]
    },
    {
      "value": "chicken",
      "synonyms": [
        " chicken",
        " chicken breast"
      ]
    },
    {
      "value": "chili pepper",
      "synonyms": [
        "chili pepper"
      ]
    },
    {
      "value": "corn",
      "synonyms": [
        "corn"
      ]
    },
    {
      "value": "eggplant",
      "synonyms": [
        " eggplant",
        " aubergine"
      ]
    },
    {
      "value": "garlic",
      "synonyms": [
        "garlic"
      ]
    },
    {
      "value": "ham",
      "synonyms": [
        "ham"
      ]
    },
    {
      "value": "jalapeño",
      "synonyms": [
        " jalapeño",
        " jalapeno"
      ]
    },
    {
      "value": "meat",
      "synonyms": [
        " meat",
        " minsed meat",
        " ground meat"
      ]
    },
    {
      "value": "meatball",
      "synonyms": [
        " meatball",
        " meat ball"
      ]
    },
    {
      "value": "mushroom",
      "synonyms": [
        "mushroom"
      ]
    },
    {
      "value": "mussels",
      "synonyms": [
        "mussels"
      ]
    },
    {
      "value": "olives",
      "synonyms": [
        "olives",
        "black olives"
      ]
    },
    {
      "value": "onion",
      "synonyms": [
        "onion"
      ]
    },
    {
      "value": "oysters",
      "synonyms": [
        "oysters"
      ]
    },
    {
      "value": "pepperoni",
      "synonyms": [
        "pepperoni"
      ]
    },
    {
      "value": "pineapple",
      "synonyms": [
        "pineapple"
      ]
    },
    {
      "value": "pork",
      "synonyms": [
        "pork",
        "pork slice"
      ]
    },
    {
      "value": "prosciutto",
      "synonyms": [
        "prosciutto"
      ]
    },
    {
      "value": "salami",
      "synonyms": [
        "salami"
      ]
    },
    {
      "value": "sausage",
      "synonyms": [
        "sausage"
      ]
    },
    {
      "value": "seafood",
      "synonyms": [
        "seafood"
      ]
    },
    {
      "value": "spinach",
      "synonyms": [
        "spinach"
      ]
    },
    {
      "value": "shrimp",
      "synonyms": [
        "shrimp"
      ]
    },
    {
      "value": "scallops",
      "synonyms": [
        "scallops"
      ]
    },
    {
      "value": "sun dried tomato",
      "synonyms": [
        "sun dried tomato"
      ]
    },
    {
      "value": "tomato",
      "synonyms": [
        " tomato",
        " fresh tomato"
      ]
    },
    {
      "value": "tuna",
      "synonyms": [
        "tuna"
      ]
    },
    {
      "value": "zucchini",
      "synonyms": [
        "zucchini"
      ]
    },
    {
      "value": "green olives",
      "synonyms": [
        "green olives"
      ]
    },
    {
      "value": "feta",
      "synonyms": [
        "feta",
        "feta cheese"
      ]
    },
    {
      "value": "cheddar",
      "synonyms": [
        "cheddar",
        "cheddar cheese"
      ]
    },
    {
      "value": "goat cheese",
      "synonyms": [
        "goat cheese"
      ]
    },
    {
      "value": "gorgonzola",
      "synonyms": [
        "gorgonzola",
        "gorgonzola cheese"
      ]
    },
    {
      "value": "mozzarella",
      "synonyms": [
        "mozzarella",
        "mozzarella cheese",
        "fresh mozzarella cheese",
        "fresh mozzarella"
      ]
    },
    {
      "value": "smoked mozzarella",
      "synonyms": [
        "smoked mozzarella"
      ]
    },
    {
      "value": "parmesan",
      "synonyms": [
        "parmesan",
        "parmesan cheese"
      ]
    },
    {
      "value": "pecorino",
      "synonyms": [
        "pecorino",
        "pecorino cheese"
      ]
    },
    {
      "value": "no topping",
      "synonyms": [
        "no topping",
        "without toppings"
      ]
    }
  ]
}