{
  "id": "19f584e9-22a8-4d71-8964-b1db7aa16684",
  "name": "address - delivery-address",
  "auto": true,
  "contexts": [
    "delivery-address"
  ],
  "templates": [
    "@sys.address:address",
    "to @sys.address:address",
    "on @sys.address:address",
    "I live at @sys.address:address",
    "I live on @sys.address:address"
  ],
  "responses": [
    {
      "speech": "When would you like to receive your pizza?",
      "affectedContexts": [
        "delivery-time"
      ],
      "parameters": [
        {
          "name": "address",
          "value": "$address",
          "defaultValue": ""
        }
      ]
    }
  ],
  "state": "LOADED"
}