{
  "id": "7c1ca4c0-bd86-440e-9f46-1abac2b149ad",
  "name": "crust - pizza-crust",
  "auto": true,
  "contexts": [
    "crust-type"
  ],
  "templates": [
    "@crust:crust",
    "I like @crust:crust",
    "I want @crust:crust",
    "@crust:crust pizza",
    "pizza with @crust:crust",
    "I like @crust:crust pizza",
    "I want @crust:crust pizza"
  ],
  "responses": [
    {
      "action": "",
      "speech": "$crust crust it is! What kind of sauce would you like?",
      "affectedContexts": [
        "sauce-type"
      ],
      "parameters": [
        {
          "name": "crust",
          "value": "$crust",
          "defaultValue": ""
        }
      ]
    }
  ],
  "state": "LOADED"
}