{
  "id": "cda3b48c-d5a4-40ec-82fc-52764d7d733c",
  "name": "no toppings - topping-type",
  "auto": true,
  "contexts": [
    "topping-type"
  ],
  "templates": [
    "no",
    "I don\u0027t think so",
    "don\u0027t add @{topping, toppings}",
    "don t add other @{topping, toppings}",
    "I don t want @{topping, toppings}",
    "I don t want other @{topping, toppings}",
    "I don t want to add @{topping, toppings}",
    "I don t want to add other @{topping, toppings}"
  ],
  "responses": [
    {
      "speech": "All right, I won\u0027t add extra toppings. What size pizza would you like?",
      "affectedContexts": [
        "size"
      ],
      "parameters": []
    }
  ],
  "state": "LOADED"
}