{
  "id": "828b6f52-a124-40c6-869a-ec40f40d3aee",
  "name": "pizza",
  "auto": true,
  "contexts": [],
  "templates": [
    "pizza",
    "I want to eat pizza",
    "deliver pizza",
    "pizza delivery",
    "I love pizza"
  ],
  "responses": [
    {
      "action": "order.pizza",
      "speech": "Sure, let me help you get the best pizza for you! What pizza would you like?",
      "affectedContexts": [
        "topping-type",
        "pizza"
      ],
      "parameters": []
    }
  ],
  "state": "LOADED"
}