{
  "id": "432f5e1a-e4ae-4521-baa7-d98227ea1214",
  "name": "sauce - sauce-type",
  "auto": true,
  "contexts": [
    "sauce-type"
  ],
  "templates": [
    "@sauce:sauce",
    "@sauce:sauce sauce",
    "I like @sauce:sauce",
    "I want @sauce:sauce",
    "I ll have @sauce:sauce",
    "I like @sauce:sauce sauce",
    "I want @sauce:sauce sauce",
    "I ll have @sauce:sauce sauce"
  ],
  "responses": [
    {
      "speech": "Got it! Would you like any extra toppings?",
      "affectedContexts": [
        "topping-type"
      ],
      "parameters": [
        {
          "name": "sauce",
          "value": "$sauce",
          "defaultValue": ""
        }
      ]
    }
  ],
  "state": "LOADED"
}