{
  "id": "cfa08a08-b1b6-48a1-b1fe-3bf513655940",
  "name": "size - size",
  "auto": true,
  "contexts": [
    "size"
  ],
  "templates": [
    "medium",
    "@sys.any small",
    "@sys.any @size:size @sys.any",
    "@size:size @sys.any"
  ],
  "responses": [
    {
      "speech": "$size is a great choice. Where should we deliver it?",
      "affectedContexts": [
        "delivery-address"
      ],
      "parameters": [
        {
          "name": "size",
          "value": "$size",
          "defaultValue": ""
        }
      ]
    }
  ],
  "state": "LOADED"
}