{
  "id": "927c696a-2b20-456f-ab5a-1554bf0e11b9",
  "name": "topping - topping-type",
  "auto": true,
  "contexts": [
    "topping-type"
  ],
  "templates": [
    "@topping:topping",
    "@topping:topping @topping:topping1",
    "@topping:topping @topping:topping1 @topping:topping2",
    "I want @topping:topping",
    "I\u0027d like @topping:topping @topping:topping1",
    "I want @topping:topping @topping:topping1 @topping:topping2",
    "add @topping:topping",
    "add @topping:topping @topping:topping1",
    "add @topping:topping @topping:topping1 @topping:topping2",
    "@topping:topping @sys.any",
    "@topping:topping @topping:topping1 @sys.any",
    "@topping:topping @topping:topping1 @topping:topping2 @sys.any",
    "extra @topping:topping",
    "extra @topping:topping  would be nice"
  ],
  "responses": [
    {
      "speech": "Got it! I\u0027ll add it to your pizza. Now what size pizza would you like?",
      "affectedContexts": [
        "size"
      ],
      "parameters": [
        {
          "name": "topping2",
          "value": "$topping2",
          "defaultValue": ""
        },
        {
          "name": "topping1",
          "value": "$topping1",
          "defaultValue": ""
        },
        {
          "name": "topping",
          "value": "$topping",
          "defaultValue": ""
        }
      ]
    }
  ],
  "state": "LOADED"
}