{
  "id": "f4384458-4d61-4389-a023-435c4eb759d3",
  "name": "topping",
  "auto": true,
  "contexts": [],
  "templates": [
    "chicken pizza",
    "bacon and broccoli pizza",
    "I \u0027d like chicken pizza",
    "pizza with salami",
    "pizza with tomatoes and mozzarella",
    "I\u0027d like pizza with gorgonzola cheese",
    "I want pizza with chicken and tomatoes",
    "deliver salami pizza",
    "I want to have prosciutto pizza",
    "do you have salami pizza"
  ],
  "responses": [
    {
      "action": "",
      "speech": "Sure! What type of crust do you prefer?",
      "affectedContexts": [
        "crust-type"
      ],
      "parameters": []
    }
  ],
  "state": "LOADED"
}