{
  "id": "7121e1ce-f18a-4d80-8560-6d05605a33db",
  "name": "type",
  "auto": true,
  "contexts": [],
  "templates": [
    "margherita",
    "chicago style pizza",
    "I want to eat capricciosa @{pizza,@sys.void}",
    "deliver margherita @{pizza,@sys.void}",
    "I love capricciosa @{pizza,@sys.void}"
  ],
  "responses": [
    {
      "speech": "I\u0027ll make sure you get the best $type pizza ever! Would you like to add some extra toppings?",
      "affectedContexts": [
        "topping-type",
        "pizza"
      ],
      "parameters": []
    }
  ],
  "state": "LOADED"
}